{"stats":{"minecraft:picked_up":{"minecraft:leather":2,"minecraft:dandelion":5,"minecraft:wheat_seeds":6,"minecraft:poppy":3,"minecraft:egg":1},"minecraft:custom":{"minecraft:time_since_rest":367456,"minecraft:sprint_one_cm":124866,"minecraft:walk_one_cm":811890,"minecraft:damage_dealt":30,"minecraft:fly_one_cm":4079771,"minecraft:crouch_one_cm":9109,"minecraft:play_time":367456,"minecraft:sneak_time":12386,"minecraft:jump":437,"minecraft:leave_game":11,"minecraft:time_since_death":367456,"minecraft:total_world_time":502475},"minecraft:used":{"minecraft:birch_fence":22,"minecraft:birch_door":2,"minecraft:jungle_sapling":2,"minecraft:oak_fence":107,"minecraft:glass":273,"minecraft:jungle_leaves":74,"minecraft:sea_lantern":95,"minecraft:lava_bucket":3,"minecraft:iron_bars":224,"minecraft:bricks":106,"minecraft:light_gray_concrete":154,"minecraft:grass_block":12,"minecraft:red_concrete":164,"minecraft:acacia_trapdoor":4,"minecraft:polished_andesite":561,"minecraft:brick_stairs":211,"minecraft:map":69,"minecraft:jungle_log":10,"minecraft:stone_slab":26,"minecraft:stone":6,"minecraft:cut_sandstone":164,"minecraft:smooth_quartz":16,"minecraft:quartz_stairs":293,"minecraft:spruce_sapling":4,"minecraft:diorite_wall":33,"minecraft:item_frame":32,"minecraft:smooth_quartz_stairs":307,"minecraft:glow_item_frame":1,"minecraft:torch":19,"minecraft:potion":19,"minecraft:light_blue_concrete":98,"minecraft:scaffolding":3,"minecraft:oak_sapling":3,"minecraft:brick_slab":99,"minecraft:bucket":3,"minecraft:chain":2,"minecraft:yellow_concrete":171,"minecraft:glass_pane":231,"minecraft:smooth_stone_slab":3,"minecraft:yellow_carpet":2,"minecraft:acacia_sapling":1,"minecraft:white_concrete":277,"minecraft:painting":13,"minecraft:bone_meal":197,"minecraft:cobweb":4,"minecraft:polished_diorite":11,"minecraft:calcite":4}},"DataVersion":2975}